Metric,Value
Accuracy,0.769
Precision,1.0
Recall,0.7034659820282413
F1-score,0.825923134890731
AUC-ROC,0.8546641476774378
